date,source_url,filing_type
1994-01-27,https://www.sec.gov/Archives/edgar/data/2488/000000248894000001/,8-K
1994-02-11,https://www.sec.gov/Archives/edgar/data/2488/000000248894000002/,8-K
1994-03-23,https://www.sec.gov/Archives/edgar/data/2488/000095013094000448/,8-K
1994-07-12,https://www.sec.gov/Archives/edgar/data/2488/000091205794002284/,8-K
1995-01-19,https://www.sec.gov/Archives/edgar/data/2488/000089843095000048/,8-K
1995-02-28,https://www.sec.gov/Archives/edgar/data/2488/000089843095000246/,8-K
1995-03-17,https://www.sec.gov/Archives/edgar/data/2488/000095013195000624/,8-K
1995-04-19,https://www.sec.gov/Archives/edgar/data/2488/000089843095000586/,8-K
1995-09-29,https://www.sec.gov/Archives/edgar/data/2488/000089843095001937/,8-K
1995-11-13,https://www.sec.gov/Archives/edgar/data/2488/000089843095002285/,8-K
1995-12-21,https://www.sec.gov/Archives/edgar/data/2488/000089843095002697/,8-K
1996-01-12,https://www.sec.gov/Archives/edgar/data/2488/000089843096000096/,8-K
1996-01-12,https://www.sec.gov/Archives/edgar/data/2488/000089843096000095/,8-K
1996-01-12,https://www.sec.gov/Archives/edgar/data/2488/000089843096000094/,8-K
1996-02-01,https://www.sec.gov/Archives/edgar/data/2488/000089843096000281/,8-K
1996-04-08,https://www.sec.gov/Archives/edgar/data/2488/000089843096001234/,8-K
1996-04-16,https://www.sec.gov/Archives/edgar/data/2488/000089843096001335/,8-K
1996-06-20,https://www.sec.gov/Archives/edgar/data/2488/000101287096000064/,8-K
1996-06-24,https://www.sec.gov/Archives/edgar/data/2488/000089843096002842/,8-K
1996-07-23,https://www.sec.gov/Archives/edgar/data/2488/000101287096000140/,8-K
1996-07-26,https://www.sec.gov/Archives/edgar/data/2488/000089843096003346/,8-K
1996-08-21,https://www.sec.gov/Archives/edgar/data/2488/000092962496000166/,8-K
1996-10-11,https://www.sec.gov/Archives/edgar/data/2488/000101287096000442/,8-K
1997-01-21,https://www.sec.gov/Archives/edgar/data/2488/000101287097000079/,8-K
1997-04-04,https://www.sec.gov/Archives/edgar/data/2488/000101287097000687/,8-K
1997-04-11,https://www.sec.gov/Archives/edgar/data/2488/000101287097000724/,8-K
1997-07-17,https://www.sec.gov/Archives/edgar/data/2488/000092962497000885/,8-K
1997-09-10,https://www.sec.gov/Archives/edgar/data/2488/000101287097001742/,8-K
1997-10-10,https://www.sec.gov/Archives/edgar/data/2488/000101287097001938/,8-K
1997-10-24,https://www.sec.gov/Archives/edgar/data/2488/000101287097002052/,8-K
1998-01-27,https://www.sec.gov/Archives/edgar/data/2488/000101287098000117/,8-K
1998-04-14,https://www.sec.gov/Archives/edgar/data/2488/000101287098000954/,8-K
1998-05-08,https://www.sec.gov/Archives/edgar/data/2488/000092962498000887/,8-K
1998-07-09,https://www.sec.gov/Archives/edgar/data/2488/000101287098001778/,8-K
1998-07-22,https://www.sec.gov/Archives/edgar/data/2488/000101287098001871/,8-K
1998-10-23,https://www.sec.gov/Archives/edgar/data/2488/000101287098002698/,8-K
1999-01-19,https://www.sec.gov/Archives/edgar/data/2488/000101287099000143/,8-K
1999-04-14,https://www.sec.gov/Archives/edgar/data/2488/000101287099001135/,8-K
1999-04-22,https://www.sec.gov/Archives/edgar/data/2488/000101287099001236/,8-K
1999-04-27,https://www.sec.gov/Archives/edgar/data/2488/000092962499000743/,8-K
1999-06-30,https://www.sec.gov/Archives/edgar/data/2488/000101287099002150/,8-K
1999-07-02,https://www.sec.gov/Archives/edgar/data/2488/000101287099002175/,8-K
1999-07-26,https://www.sec.gov/Archives/edgar/data/2488/000101287099002514/,8-K
1999-10-12,https://www.sec.gov/Archives/edgar/data/2488/000101287099003595/,8-K
1999-10-12,https://www.sec.gov/Archives/edgar/data/2488/000101287099003592/,8-K
1999-11-24,https://www.sec.gov/Archives/edgar/data/2488/000101287099004400/,8-K
2000-01-27,https://www.sec.gov/Archives/edgar/data/2488/000101287000000241/,8-K
2000-02-17,https://www.sec.gov/Archives/edgar/data/2488/000101287000000845/,8-K
2000-04-05,https://www.sec.gov/Archives/edgar/data/2488/000101287000001917/,8-K
2000-04-18,https://www.sec.gov/Archives/edgar/data/2488/000101287000002176/,8-K
2000-04-21,https://www.sec.gov/Archives/edgar/data/2488/000101287000002268/,8-K
2000-05-24,https://www.sec.gov/Archives/edgar/data/2488/000092962400000768/,8-K
2000-07-31,https://www.sec.gov/Archives/edgar/data/2488/000101287000004055/0001.txt,8-K
2000-08-21,https://www.sec.gov/Archives/edgar/data/2488/000101287000004520/0001.txt,8-K
2000-10-20,https://www.sec.gov/Archives/edgar/data/2488/000101287000005323/0001.txt,8-K
2000-12-15,https://www.sec.gov/Archives/edgar/data/2488/000101287000006192/0001.txt,8-K
2001-01-24,https://www.sec.gov/Archives/edgar/data/2488/000101287001000218/0001.txt,8-K
2001-02-08,https://www.sec.gov/Archives/edgar/data/2488/000101287001000424/0001.txt,8-K
2001-04-24,https://www.sec.gov/Archives/edgar/data/2488/000101287001500411/d8k.txt,8-K
2001-05-09,https://www.sec.gov/Archives/edgar/data/2488/000094420901500280/d8k.txt,8-K
2001-07-10,https://www.sec.gov/Archives/edgar/data/2488/000102140801503226/d8k.txt,8-K
2001-07-18,https://www.sec.gov/Archives/edgar/data/2488/000102140801503537/d8k.txt,8-K
2001-10-03,https://www.sec.gov/Archives/edgar/data/2488/000102140801507639/d8k.txt,8-K
2001-10-11,https://www.sec.gov/Archives/edgar/data/2488/000101287001502254/d8k.txt,8-K
2001-10-23,https://www.sec.gov/Archives/edgar/data/2488/000101287001502417/d8k.txt,8-K
2001-11-15,https://www.sec.gov/Archives/edgar/data/2488/000101287001502853/d8k.txt,8-K
2001-12-13,https://www.sec.gov/Archives/edgar/data/2488/000101287001503155/d8k.txt,8-K
2002-01-23,https://www.sec.gov/Archives/edgar/data/2488/000101287002000222/d8k.txt,8-K
2002-01-23,https://www.sec.gov/Archives/edgar/data/2488/000101287002000220/d8k.txt,8-K
2002-01-24,https://www.sec.gov/Archives/edgar/data/2488/000101287002000238/d8k.txt,8-K
2002-01-30,https://www.sec.gov/Archives/edgar/data/2488/000101287002000319/d8k.txt,8-K
2002-04-24,https://www.sec.gov/Archives/edgar/data/2488/000101287002001939/d8k.txt,8-K
2002-07-19,https://www.sec.gov/Archives/edgar/data/2488/000101287002003049/d8k.htm,8-K
2002-08-13,https://www.sec.gov/Archives/edgar/data/2488/000101287002003407/d8k.htm,8-K
2002-08-28,https://www.sec.gov/Archives/edgar/data/2488/000089843002003291/d8k.htm,8-K
2002-10-18,https://www.sec.gov/Archives/edgar/data/2488/000101287002004076/d8k.htm,8-K
2002-11-18,https://www.sec.gov/Archives/edgar/data/2488/000101287002004446/d8k.htm,8-K
2002-11-26,https://www.sec.gov/Archives/edgar/data/2488/000101287002004523/d8k.htm,8-K
2003-01-21,https://www.sec.gov/Archives/edgar/data/2488/000089843003000149/d8k.htm,8-K
2003-04-04,https://www.sec.gov/Archives/edgar/data/2488/000101287003001576/d8k.htm,8-K
2003-04-23,https://www.sec.gov/Archives/edgar/data/2488/000101287003001936/d8k.htm,8-K
2003-07-14,https://www.sec.gov/Archives/edgar/data/2488/000119312503019245/d8k.htm,8-K
2003-07-16,https://www.sec.gov/Archives/edgar/data/2488/000119312503020249/d8k.htm,8-K
2003-10-17,https://www.sec.gov/Archives/edgar/data/2488/000119312503063145/d8k.htm,8-K
2003-11-24,https://www.sec.gov/Archives/edgar/data/2488/000119312503085746/d8k.htm,8-K
2004-01-20,https://www.sec.gov/Archives/edgar/data/2488/000119312504006178/d8k.htm,8-K
2004-04-14,https://www.sec.gov/Archives/edgar/data/2488/000119312504062410/d8k.htm,8-K
2004-04-26,https://www.sec.gov/Archives/edgar/data/2488/000119312504069741/d8k.htm,8-K
2004-07-14,https://www.sec.gov/Archives/edgar/data/2488/000119312504118201/d8k.htm,8-K
2004-09-21,https://www.sec.gov/Archives/edgar/data/2488/000119312504159521/d8k.htm,8-K
2004-10-07,https://www.sec.gov/Archives/edgar/data/2488/000119312504168381/d8k.htm,8-K
2004-10-13,https://www.sec.gov/Archives/edgar/data/2488/000119312504170897/d8k.htm,8-K
2004-10-15,https://www.sec.gov/Archives/edgar/data/2488/000119312504172256/d8k.htm,8-K
2004-10-21,https://www.sec.gov/Archives/edgar/data/2488/000119312504175594/d8k.htm,8-K
2004-10-22,https://www.sec.gov/Archives/edgar/data/2488/000119312504176362/d8k.htm,8-K
2004-11-02,https://www.sec.gov/Archives/edgar/data/2488/000119312504183871/d8k.htm,8-K
2004-11-08,https://www.sec.gov/Archives/edgar/data/2488/000119312504189660/d8k.htm,8-K
2004-11-17,https://www.sec.gov/Archives/edgar/data/2488/000119312504199053/d8k.htm,8-K
2005-01-11,https://www.sec.gov/Archives/edgar/data/2488/000119312505004693/d8k.htm,8-K
2005-01-18,https://www.sec.gov/Archives/edgar/data/2488/000119312505007687/d8k.htm,8-K
2005-02-10,https://www.sec.gov/Archives/edgar/data/2488/000119312505025081/d8k.htm,8-K
2005-03-02,https://www.sec.gov/Archives/edgar/data/2488/000119312505040241/d8k.htm,8-K
2005-03-31,https://www.sec.gov/Archives/edgar/data/2488/000119312505066983/d8k.htm,8-K
2005-04-13,https://www.sec.gov/Archives/edgar/data/2488/000119312505075683/d8k.htm,8-K
2005-04-13,https://www.sec.gov/Archives/edgar/data/2488/000119312505075646/d8k.htm,8-K
2005-05-04,https://www.sec.gov/Archives/edgar/data/2488/000119312505095827/d8k.htm,8-K
2005-06-16,https://www.sec.gov/Archives/edgar/data/2488/000119312505126527/d8k.htm,8-K
2005-06-28,https://www.sec.gov/Archives/edgar/data/2488/000119312505133207/d8k.htm,8-K
2005-07-13,https://www.sec.gov/Archives/edgar/data/2488/000119312505141621/d8k.htm,8-K
2005-08-02,https://www.sec.gov/Archives/edgar/data/2488/000119312505154965/d8k.htm,8-K
2005-09-23,https://www.sec.gov/Archives/edgar/data/2488/000119312505190657/d8k.htm,8-K
2005-10-11,https://www.sec.gov/Archives/edgar/data/2488/000119312505199587/d8k.htm,8-K
2005-10-14,https://www.sec.gov/Archives/edgar/data/2488/000119312505201830/d8k.htm,8-K
2005-10-21,https://www.sec.gov/Archives/edgar/data/2488/000119312505205879/d8k.htm,8-K
2005-10-27,https://www.sec.gov/Archives/edgar/data/2488/000119312505209954/d8k.htm,8-K
2005-11-01,https://www.sec.gov/Archives/edgar/data/2488/000119312505212861/d8k.htm,8-K
2005-12-21,https://www.sec.gov/Archives/edgar/data/2488/000119312505246713/d8k.htm,8-K
2006-01-12,https://www.sec.gov/Archives/edgar/data/2488/000119312506005587/d8k.htm,8-K
2006-01-18,https://www.sec.gov/Archives/edgar/data/2488/000119312506008025/d8k.htm,8-K
2006-01-23,https://www.sec.gov/Archives/edgar/data/2488/000119312506009989/d8k.htm,8-K
2006-01-23,https://www.sec.gov/Archives/edgar/data/2488/000119312506009727/d8k.htm,8-K
2006-01-27,https://www.sec.gov/Archives/edgar/data/2488/000119312506013986/d8k.htm,8-K
2006-02-15,https://www.sec.gov/Archives/edgar/data/2488/000119312506032729/d8k.htm,8-K
2006-03-02,https://www.sec.gov/Archives/edgar/data/2488/000119312506043959/d8k.htm,8-K
2006-03-22,https://www.sec.gov/Archives/edgar/data/2488/000119312506060776/d8k.htm,8-K
2006-04-12,https://www.sec.gov/Archives/edgar/data/2488/000119312506078788/d8k.htm,8-K
2006-05-10,https://www.sec.gov/Archives/edgar/data/2488/000119312506105987/d8k.htm,8-K
2006-07-20,https://www.sec.gov/Archives/edgar/data/2488/000119312506150201/d8k.htm,8-K
2006-07-24,https://www.sec.gov/Archives/edgar/data/2488/000119312506151361/d8k.htm,8-K
2006-07-31,https://www.sec.gov/Archives/edgar/data/2488/000119312506156973/d8k.htm,8-K
2006-09-15,https://www.sec.gov/Archives/edgar/data/2488/000119312506191828/d8k.htm,8-K
2006-10-04,https://www.sec.gov/Archives/edgar/data/2488/000119312506202578/d8k.htm,8-K
2006-10-18,https://www.sec.gov/Archives/edgar/data/2488/000119312506210168/d8k.htm,8-K
2006-10-19,https://www.sec.gov/Archives/edgar/data/2488/000119312506211032/d8k.htm,8-K
2006-10-30,https://www.sec.gov/Archives/edgar/data/2488/000119312506217735/d8k.htm,8-K
2006-11-21,https://www.sec.gov/Archives/edgar/data/2488/000119312506239966/d8k.htm,8-K
2006-12-01,https://www.sec.gov/Archives/edgar/data/2488/000119312506245126/d8k.htm,8-K
2006-12-14,https://www.sec.gov/Archives/edgar/data/2488/000119312506253199/d8k.htm,8-K
2006-12-20,https://www.sec.gov/Archives/edgar/data/2488/000119312506257028/d8k.htm,8-K
2006-12-27,https://www.sec.gov/Archives/edgar/data/2488/000119312506260492/d8k.htm,8-K
2006-12-28,https://www.sec.gov/Archives/edgar/data/2488/000119312506261004/d8k.htm,8-K
2007-01-23,https://www.sec.gov/Archives/edgar/data/2488/000119312507010956/d8k.htm,8-K
2007-02-14,https://www.sec.gov/Archives/edgar/data/2488/000119312507031520/d8k.htm,8-K
2007-04-09,https://www.sec.gov/Archives/edgar/data/2488/000119312507077064/d8k.htm,8-K
2007-04-19,https://www.sec.gov/Archives/edgar/data/2488/000119312507085240/d8k.htm,8-K
2007-04-23,https://www.sec.gov/Archives/edgar/data/2488/000119312507087794/d8k.htm,8-K
2007-04-24,https://www.sec.gov/Archives/edgar/data/2488/000119312507088325/d8k.htm,8-K
2007-04-30,https://www.sec.gov/Archives/edgar/data/2488/000119312507095893/d8k.htm,8-K
2007-05-09,https://www.sec.gov/Archives/edgar/data/2488/000119312507106389/d8k.htm,8-K
2007-05-31,https://www.sec.gov/Archives/edgar/data/2488/000119312507126082/d8k.htm,8-K
2007-06-20,https://www.sec.gov/Archives/edgar/data/2488/000119312507139257/d8k.htm,8-K
2007-07-19,https://www.sec.gov/Archives/edgar/data/2488/000119312507158181/d8k.htm,8-K
2007-08-09,https://www.sec.gov/Archives/edgar/data/2488/000119312507177296/d8k.htm,8-K
2007-08-14,https://www.sec.gov/Archives/edgar/data/2488/000119312507182838/d8k.htm,8-K
2007-08-23,https://www.sec.gov/Archives/edgar/data/2488/000119312507187707/d8k.htm,8-K
2007-10-18,https://www.sec.gov/Archives/edgar/data/2488/000119312507221279/d8k.htm,8-K
2007-11-06,https://www.sec.gov/Archives/edgar/data/2488/000119312507235830/d8k.htm,8-K
2007-11-16,https://www.sec.gov/Archives/edgar/data/2488/000119312507249362/d8k.htm,8-K
2007-12-12,https://www.sec.gov/Archives/edgar/data/2488/000119312507263283/d8k.htm,8-K
2007-12-13,https://www.sec.gov/Archives/edgar/data/2488/000119312507264822/d8k.htm,8-K
2008-01-17,https://www.sec.gov/Archives/edgar/data/2488/000119312508008082/d8k.htm,8-K
2008-04-01,https://www.sec.gov/Archives/edgar/data/2488/000119312508072480/d8k.htm,8-K
2008-04-07,https://www.sec.gov/Archives/edgar/data/2488/000119312508076332/d8k.htm,8-K
2008-04-17,https://www.sec.gov/Archives/edgar/data/2488/000119312508083680/d8k.htm,8-K
2008-05-12,https://www.sec.gov/Archives/edgar/data/2488/000119312508111568/d8k.htm,8-K
2008-07-11,https://www.sec.gov/Archives/edgar/data/2488/000119312508149499/d8k.htm,8-K
2008-07-17,https://www.sec.gov/Archives/edgar/data/2488/000119312508152848/d8k.htm,8-K
2008-07-18,https://www.sec.gov/Archives/edgar/data/2488/000119312508153147/d8k.htm,8-K
2008-08-21,https://www.sec.gov/Archives/edgar/data/2488/000119312508182330/d8k.htm,8-K
2008-08-29,https://www.sec.gov/Archives/edgar/data/2488/000119312508187160/d8k.htm,8-K
2008-09-25,https://www.sec.gov/Archives/edgar/data/2488/000119312508201403/d8k.htm,8-K
2008-10-07,https://www.sec.gov/Archives/edgar/data/2488/000119312508207049/d8k.htm,8-K
2008-10-10,https://www.sec.gov/Archives/edgar/data/2488/000119312508209112/d8k.htm,8-K
2008-10-16,https://www.sec.gov/Archives/edgar/data/2488/000119312508211653/d8k.htm,8-K
2008-10-23,https://www.sec.gov/Archives/edgar/data/2488/000119312508215269/d8k.htm,8-K
2008-10-29,https://www.sec.gov/Archives/edgar/data/2488/000119312508218819/d8k.htm,8-K
2008-11-12,https://www.sec.gov/Archives/edgar/data/2488/000119312508232788/d8k.htm,8-K
2008-12-04,https://www.sec.gov/Archives/edgar/data/2488/000119312508247635/d8k.htm,8-K
2008-12-08,https://www.sec.gov/Archives/edgar/data/2488/000119312508249520/d8k.htm,8-K
2008-12-19,https://www.sec.gov/Archives/edgar/data/2488/000119312508257239/d8k.htm,8-K
2008-12-29,https://www.sec.gov/Archives/edgar/data/2488/000119312508261099/d8k.htm,8-K
2009-01-09,https://www.sec.gov/Archives/edgar/data/2488/000119312509003760/d8k.htm,8-K
2009-01-21,https://www.sec.gov/Archives/edgar/data/2488/000119312509008914/d8k.htm,8-K
2009-01-22,https://www.sec.gov/Archives/edgar/data/2488/000119312509009751/d8k.htm,8-K
2009-03-05,https://www.sec.gov/Archives/edgar/data/2488/000119312509046101/d8k.htm,8-K
2009-03-16,https://www.sec.gov/Archives/edgar/data/2488/000119312509054552/d8k.htm,8-K
2009-04-21,https://www.sec.gov/Archives/edgar/data/2488/000119312509083507/d8k.htm,8-K
2009-07-07,https://www.sec.gov/Archives/edgar/data/2488/000119312509145026/d8k.htm,8-K
2009-07-21,https://www.sec.gov/Archives/edgar/data/2488/000119312509152273/d8k.htm,8-K
2009-08-03,https://www.sec.gov/Archives/edgar/data/2488/000119312509162237/d8k.htm,8-K
2009-09-30,https://www.sec.gov/Archives/edgar/data/2488/000119312509200901/d8k.htm,8-K
2009-10-08,https://www.sec.gov/Archives/edgar/data/2488/000119312509205522/d8k.htm,8-K
2009-10-15,https://www.sec.gov/Archives/edgar/data/2488/000119312509208500/d8k.htm,8-K
2009-11-17,https://www.sec.gov/Archives/edgar/data/2488/000119312509236705/d8k.htm,8-K
2009-11-18,https://www.sec.gov/Archives/edgar/data/2488/000119312509237112/d8k.htm,8-K
2009-11-20,https://www.sec.gov/Archives/edgar/data/2488/000119312509239227/d8k.htm,8-K
2009-11-23,https://www.sec.gov/Archives/edgar/data/2488/000119312509240302/d8k.htm,8-K
2009-12-01,https://www.sec.gov/Archives/edgar/data/2488/000119312509245120/d8k.htm,8-K
2010-01-21,https://www.sec.gov/Archives/edgar/data/2488/000119312510009806/d8k.htm,8-K
2010-01-29,https://www.sec.gov/Archives/edgar/data/2488/000119312510016711/d8k.htm,8-K
2010-04-08,https://www.sec.gov/Archives/edgar/data/2488/000119312510079621/d8k.htm,8-K
2010-04-15,https://www.sec.gov/Archives/edgar/data/2488/000119312510084392/d8k.htm,8-K
2010-05-04,https://www.sec.gov/Archives/edgar/data/2488/000119312510106098/d8k.htm,8-K
2010-05-20,https://www.sec.gov/Archives/edgar/data/2488/000119312510125068/d8k.htm,8-K
2010-06-30,https://www.sec.gov/Archives/edgar/data/2488/000119312510151040/d8k.htm,8-K
2010-07-15,https://www.sec.gov/Archives/edgar/data/2488/000119312510159512/d8k.htm,8-K
2010-07-26,https://www.sec.gov/Archives/edgar/data/2488/000119312510166111/d8k.htm,8-K
2010-07-26,https://www.sec.gov/Archives/edgar/data/2488/000119312510165487/d8k.htm,8-K
2010-08-04,https://www.sec.gov/Archives/edgar/data/2488/000119312510176954/d8k.htm,8-K
2010-10-14,https://www.sec.gov/Archives/edgar/data/2488/000119312510229536/d8k.htm,8-K
2010-12-27,https://www.sec.gov/Archives/edgar/data/2488/000119312510288151/d8k.htm,8-K
2011-01-10,https://www.sec.gov/Archives/edgar/data/2488/000119312511005156/d8k.htm,8-K
2011-01-21,https://www.sec.gov/Archives/edgar/data/2488/000119312511011350/d8k.htm,8-K
2011-02-08,https://www.sec.gov/Archives/edgar/data/2488/000119312511027405/d8k.htm,8-K
2011-02-09,https://www.sec.gov/Archives/edgar/data/2488/000119312511028302/d8k.htm,8-K
2011-02-14,https://www.sec.gov/Archives/edgar/data/2488/000119312511035286/d8k.htm,8-K
2011-02-25,https://www.sec.gov/Archives/edgar/data/2488/000119312511047575/d8k.htm,8-K
2011-03-01,https://www.sec.gov/Archives/edgar/data/2488/000119312511052321/d8k.htm,8-K
2011-04-04,https://www.sec.gov/Archives/edgar/data/2488/000119312511087659/d8k.htm,8-K
2011-04-11,https://www.sec.gov/Archives/edgar/data/2488/000119312511093556/d8k.htm,8-K
2011-04-21,https://www.sec.gov/Archives/edgar/data/2488/000119312511105247/d8k.htm,8-K
2011-05-09,https://www.sec.gov/Archives/edgar/data/2488/000119312511131958/d8k.htm,8-K
2011-07-21,https://www.sec.gov/Archives/edgar/data/2488/000119312511193677/d8k.htm,8-K
2011-08-25,https://www.sec.gov/Archives/edgar/data/2488/000119312511231889/d8k.htm,8-K
2011-09-22,https://www.sec.gov/Archives/edgar/data/2488/000119312511254438/d234765d8k.htm,8-K
2011-10-27,https://www.sec.gov/Archives/edgar/data/2488/000119312511284179/d248317d8k.htm,8-K
2011-11-03,https://www.sec.gov/Archives/edgar/data/2488/000119312511295247/d251558d8k.htm,8-K
2012-01-24,https://www.sec.gov/Archives/edgar/data/2488/000119312512021861/d286106d8k.htm,8-K
2012-02-07,https://www.sec.gov/Archives/edgar/data/2488/000119312512043935/d296182d8k.htm,8-K
2012-02-16,https://www.sec.gov/Archives/edgar/data/2488/000119312512065409/d302694d8k.htm,8-K
2012-03-05,https://www.sec.gov/Archives/edgar/data/2488/000119312512095406/d307146d8k.htm,8-K
2012-04-19,https://www.sec.gov/Archives/edgar/data/2488/000119312512170747/d337084d8k.htm,8-K
2012-05-11,https://www.sec.gov/Archives/edgar/data/2488/000119312512228521/d351466d8k.htm,8-K
2012-05-15,https://www.sec.gov/Archives/edgar/data/2488/000119312512234786/d353188d8k.htm,8-K
2012-07-19,https://www.sec.gov/Archives/edgar/data/2488/000119312512307538/d384813d8k.htm,8-K
2012-08-06,https://www.sec.gov/Archives/edgar/data/2488/000119312512336367/d390711d8k.htm,8-K
2012-08-07,https://www.sec.gov/Archives/edgar/data/2488/000119312512338269/d390709d8k.htm,8-K
2012-08-15,https://www.sec.gov/Archives/edgar/data/2488/000119312512357533/d397602d8k.htm,8-K
2012-08-29,https://www.sec.gov/Archives/edgar/data/2488/000119312512373058/d401840d8k.htm,8-K
2012-09-17,https://www.sec.gov/Archives/edgar/data/2488/000119312512394038/d412319d8k.htm,8-K
2012-10-11,https://www.sec.gov/Archives/edgar/data/2488/000119312512421061/d422859d8k.htm,8-K
2012-10-18,https://www.sec.gov/Archives/edgar/data/2488/000119312512427251/d428113d8k.htm,8-K
2012-11-08,https://www.sec.gov/Archives/edgar/data/2488/000119312512459230/d434809d8k.htm,8-K
2012-12-06,https://www.sec.gov/Archives/edgar/data/2488/000119312512493884/d450459d8k.htm,8-K
2012-12-28,https://www.sec.gov/Archives/edgar/data/2488/000119312512517952/d461678d8k.htm,8-K
2013-01-02,https://www.sec.gov/Archives/edgar/data/2488/000119312513001042/d461674d8k.htm,8-K
2013-01-22,https://www.sec.gov/Archives/edgar/data/2488/000119312513019330/d470786d8k.htm,8-K
2013-02-12,https://www.sec.gov/Archives/edgar/data/2488/000119312513052006/d482814d8k.htm,8-K
2013-02-26,https://www.sec.gov/Archives/edgar/data/2488/000119312513077035/d492250d8k.htm,8-K
2013-03-12,https://www.sec.gov/Archives/edgar/data/2488/000119312513102285/d499922d8k.htm,8-K
2013-03-26,https://www.sec.gov/Archives/edgar/data/2488/000119312513126831/d509742d8k.htm,8-K
2013-04-18,https://www.sec.gov/Archives/edgar/data/2488/000119312513160817/d523388d8k.htm,8-K
2013-05-22,https://www.sec.gov/Archives/edgar/data/2488/000119312513231461/d542400d8k.htm,8-K
2013-06-12,https://www.sec.gov/Archives/edgar/data/2488/000119312513256167/d552190d8k.htm,8-K
2013-07-18,https://www.sec.gov/Archives/edgar/data/2488/000119312513294361/d570316d8k.htm,8-K
2013-07-19,https://www.sec.gov/Archives/edgar/data/2488/000119312513295631/d570681d8k.htm,8-K
2013-10-17,https://www.sec.gov/Archives/edgar/data/2488/000119312513402500/d612689d8k.htm,8-K
2013-11-12,https://www.sec.gov/Archives/edgar/data/2488/000119312513436767/d625773d8k.htm,8-K
2014-01-21,https://www.sec.gov/Archives/edgar/data/2488/000119312514016032/d661810d8k.htm,8-K
2014-02-11,https://www.sec.gov/Archives/edgar/data/2488/000119312514045586/d674453d8k.htm,8-K
2014-02-20,https://www.sec.gov/Archives/edgar/data/2488/000119312514059941/d678869d8k.htm,8-K
2014-02-21,https://www.sec.gov/Archives/edgar/data/2488/000119312514061268/d678539d8k.htm,8-K
2014-02-26,https://www.sec.gov/Archives/edgar/data/2488/000119312514069925/d681775d8k.htm,8-K
2014-03-10,https://www.sec.gov/Archives/edgar/data/2488/000119312514091714/d690817d8k.htm,8-K
2014-03-20,https://www.sec.gov/Archives/edgar/data/2488/000119312514108119/d696987d8k.htm,8-K
2014-03-20,https://www.sec.gov/Archives/edgar/data/2488/000119312514107296/d696651d8k.htm,8-K
2014-04-01,https://www.sec.gov/Archives/edgar/data/2488/000119312514126113/d704900d8k.htm,8-K
2014-04-17,https://www.sec.gov/Archives/edgar/data/2488/000119312514147719/d712160d8k.htm,8-K
2014-05-13,https://www.sec.gov/Archives/edgar/data/2488/000119312514197165/d724261d8k.htm,8-K
2014-06-02,https://www.sec.gov/Archives/edgar/data/2488/000119312514221063/d738279d8k.htm,8-K
2014-06-03,https://www.sec.gov/Archives/edgar/data/2488/000119312514222915/d738275d8k.htm,8-K
2014-06-12,https://www.sec.gov/Archives/edgar/data/2488/000119312514234226/d743024d8k.htm,8-K
2014-06-16,https://www.sec.gov/Archives/edgar/data/2488/000119312514237844/d742344d8k.htm,8-K
2014-06-23,https://www.sec.gov/Archives/edgar/data/2488/000119312514244560/d746118d8k.htm,8-K
2014-07-17,https://www.sec.gov/Archives/edgar/data/2488/000119312514271677/d758714d8k.htm,8-K
2014-08-12,https://www.sec.gov/Archives/edgar/data/2488/000119312514306696/d774158d8k.htm,8-K
2014-09-15,https://www.sec.gov/Archives/edgar/data/2488/000119312514341850/d789711d8k.htm,8-K
2014-09-30,https://www.sec.gov/Archives/edgar/data/2488/000119312514358960/d795655d8k.htm,8-K
2014-10-08,https://www.sec.gov/Archives/edgar/data/2488/000119312514366751/d802345d8k.htm,8-K
2014-10-16,https://www.sec.gov/Archives/edgar/data/2488/000119312514373863/d805390d8k.htm,8-K
2014-12-09,https://www.sec.gov/Archives/edgar/data/2488/000119312514437727/d834230d8k.htm,8-K
2014-12-17,https://www.sec.gov/Archives/edgar/data/2488/000119312514445379/d838727d8k.htm,8-K
2014-12-29,https://www.sec.gov/Archives/edgar/data/2488/000119312514454203/d840701d8k.htm,8-K
2015-01-12,https://www.sec.gov/Archives/edgar/data/2488/000119312515008247/d850957d8k.htm,8-K
2015-01-20,https://www.sec.gov/Archives/edgar/data/2488/000119312515014914/d853202d8k.htm,8-K
2015-04-16,https://www.sec.gov/Archives/edgar/data/2488/000119312515133355/d909282d8k.htm,8-K
2015-05-04,https://www.sec.gov/Archives/edgar/data/2488/000119312515169207/d920330d8k.htm,8-K
2015-07-06,https://www.sec.gov/Archives/edgar/data/2488/000000248815000035/form8-kq22015finalwsignatu.htm,8-K
2015-07-16,https://www.sec.gov/Archives/edgar/data/2488/000000248815000040/q2158-knew.htm,8-K
2015-08-11,https://www.sec.gov/Archives/edgar/data/2488/000000248815000047/a0811158-k.htm,8-K
2015-10-01,https://www.sec.gov/Archives/edgar/data/2488/000000248815000055/a201510018-kitem205restruc.htm,8-K
2015-10-15,https://www.sec.gov/Archives/edgar/data/2488/000000248815000062/a20151014q315earnings8-k.htm,8-K
2015-12-28,https://www.sec.gov/Archives/edgar/data/2488/000000248815000088/form8-k.htm,8-K
2016-01-19,https://www.sec.gov/Archives/edgar/data/2488/000000248816000102/a20160119q415earnings8-k.htm,8-K
2016-04-21,https://www.sec.gov/Archives/edgar/data/2488/000000248816000118/a20160421q116earnings8-k.htm,8-K
2016-04-29,https://www.sec.gov/Archives/edgar/data/2488/000000248816000127/amd8-kxcompletionofdisposi.htm,8-K
2016-05-12,https://www.sec.gov/Archives/edgar/data/2488/000000248816000141/a8kitem502chairmanandcao.htm,8-K
2016-05-18,https://www.sec.gov/Archives/edgar/data/2488/000000248816000168/amdform8-k2016annualmeetin.htm,8-K
2016-07-01,https://www.sec.gov/Archives/edgar/data/2488/000119312516639147/d219576d8k.htm,8-K
2016-07-21,https://www.sec.gov/Archives/edgar/data/2488/000000248816000210/a201607211q216earnings8-k.htm,8-K
2016-08-31,https://www.sec.gov/Archives/edgar/data/2488/000000248816000247/a8-kwsa.htm,8-K
2016-09-14,https://www.sec.gov/Archives/edgar/data/2488/000119312516709676/d258400d8k.htm,8-K
2016-10-20,https://www.sec.gov/Archives/edgar/data/2488/000000248816000258/a20161020q316earnings8-k.htm,8-K
2017-01-31,https://www.sec.gov/Archives/edgar/data/2488/000000248817000017/a20170131q416earnings8-k.htm,8-K
2017-02-21,https://www.sec.gov/Archives/edgar/data/2488/000000248817000041/amd-form8xk2016eip022117fi.htm,8-K
2017-02-21,https://www.sec.gov/Archives/edgar/data/2488/000000248817000039/amd-form8xkfeb2017boardapp.htm,8-K
2017-03-02,https://www.sec.gov/Archives/edgar/data/2488/000000248817000049/amd-form8xkmar2017boarddep.htm,8-K
2017-03-21,https://www.sec.gov/Archives/edgar/data/2488/000000248817000070/amd-form8xkxfifthamendment.htm,8-K
2017-04-28,https://www.sec.gov/Archives/edgar/data/2488/000119312517148386/d382072d8k.htm,8-K
2017-05-01,https://www.sec.gov/Archives/edgar/data/2488/000000248817000096/a20170501q117earnings8-k.htm,8-K
2017-07-03,https://www.sec.gov/Archives/edgar/data/2488/000000248817000141/form8-kneosalariesnewdirec.htm,8-K
2017-07-25,https://www.sec.gov/Archives/edgar/data/2488/000000248817000150/a20170725q217earnings8-k.htm,8-K
2017-08-07,https://www.sec.gov/Archives/edgar/data/2488/000000248817000164/amd_form8-kneolti2017re.htm,8-K
2017-10-24,https://www.sec.gov/Archives/edgar/data/2488/000000248817000213/a20171024q317earnings8-k.htm,8-K
2017-11-01,https://www.sec.gov/Archives/edgar/data/2488/000000248817000219/form8-kdurcan.htm,8-K
2018-01-30,https://www.sec.gov/Archives/edgar/data/2488/000000248818000014/a20180130q417earnings8-k.htm,8-K
2018-02-12,https://www.sec.gov/Archives/edgar/data/2488/000000248818000026/amd-form8xk2017eip0218.htm,8-K
2018-02-27,https://www.sec.gov/Archives/edgar/data/2488/000000248818000043/a6form8-kasc606disclosurev.htm,8-K
2018-03-05,https://www.sec.gov/Archives/edgar/data/2488/000000248818000047/form8-kndonofrio3218.htm,8-K
2018-04-25,https://www.sec.gov/Archives/edgar/data/2488/000000248818000058/a20180425q118earnings8-k.htm,8-K
2018-05-08,https://www.sec.gov/Archives/edgar/data/2488/000000248818000086/amd2018annualmeeting8-k.htm,8-K
2018-07-02,https://www.sec.gov/Archives/edgar/data/2488/000000248818000112/form8-kneosalaries2018forf.htm,8-K
2018-07-25,https://www.sec.gov/Archives/edgar/data/2488/000000248818000124/a20180725q218earnings8-k.htm,8-K
2018-08-06,https://www.sec.gov/Archives/edgar/data/2488/000000248818000130/amd_form8-kneolti2018.htm,8-K
2018-08-27,https://www.sec.gov/Archives/edgar/data/2488/000000248818000166/amd_form8-svp82718.htm,8-K
2018-10-24,https://www.sec.gov/Archives/edgar/data/2488/000000248818000186/a20181024q318earnings8-k.htm,8-K
2019-01-29,https://www.sec.gov/Archives/edgar/data/2488/000000248819000004/a20190129q418earnings8-k.htm,8-K
2019-02-14,https://www.sec.gov/Archives/edgar/data/2488/000000248819000018/a201902form8-kwarrantshare.htm,8-K
2019-02-22,https://www.sec.gov/Archives/edgar/data/2488/000000248819000022/form8-kneoeipandsalaries21.htm,8-K
2019-04-30,https://www.sec.gov/Archives/edgar/data/2488/000000248819000043/a20190430q119earnings8-k.htm,8-K
2019-05-17,https://www.sec.gov/Archives/edgar/data/2488/000000248819000059/amd2019annualmeeting8-k515.htm,8-K
2019-06-10,https://www.sec.gov/Archives/edgar/data/2488/000000248819000088/form8-kcreditfacility060719.htm,8-K
2019-06-27,https://www.sec.gov/Archives/edgar/data/2488/000000248819000096/a8-kneosalariesandlti2019.htm,8-K
2019-07-30,https://www.sec.gov/Archives/edgar/data/2488/000000248819000102/a20190730q219earnings8-k.htm,8-K
2019-08-08,https://www.sec.gov/Archives/edgar/data/2488/000000248819000113/amdform8k08082019.htm,8-K
2019-09-06,https://www.sec.gov/Archives/edgar/data/2488/000000248819000144/amdform8kequitysalesse.htm,8-K
2019-10-29,https://www.sec.gov/Archives/edgar/data/2488/000000248819000157/a20191029q319earnings8.htm,8-K
2019-11-12,https://www.sec.gov/Archives/edgar/data/2488/000000248819000165/amdform8kequitysales11.htm,8-K
2019-12-02,https://www.sec.gov/Archives/edgar/data/2488/000000248819000178/amdform8kequitysales11.htm,8-K
2019-12-16,https://www.sec.gov/Archives/edgar/data/2488/000000248819000186/appointmentofnewdirect.htm,8-K
2020-01-28,https://www.sec.gov/Archives/edgar/data/2488/000000248820000006/a20200128q419earnings8.htm,8-K
2020-02-18,https://www.sec.gov/Archives/edgar/data/2488/000000248820000019/amd8k-kneoeip2x11x2020.htm,8-K
2020-03-12,https://www.sec.gov/Archives/edgar/data/2488/000000248820000034/a8kamendmenttobylaws36.htm,8-K
2020-04-28,https://www.sec.gov/Archives/edgar/data/2488/000000248820000048/a2020q1earnings8-k.htm,8-K
2020-05-12,https://www.sec.gov/Archives/edgar/data/2488/000000248820000068/a8-kxannualmeeting2020.htm,8-K
2020-07-28,https://www.sec.gov/Archives/edgar/data/2488/000000248820000101/amd-20200728.htm,8-K
2020-08-11,https://www.sec.gov/Archives/edgar/data/2488/000000248820000110/amd-20200806.htm,8-K
2020-10-27,https://www.sec.gov/Archives/edgar/data/2488/000119312520278572/d40046d8k.htm,8-K
2020-10-27,https://www.sec.gov/Archives/edgar/data/2488/000119312520277468/d67182d8k.htm,8-K
2020-10-27,https://www.sec.gov/Archives/edgar/data/2488/000000248820000161/amd-20201027.htm,8-K
2021-01-06,https://www.sec.gov/Archives/edgar/data/2488/000000248821000002/amd-20201231.htm,8-K
2021-01-12,https://www.sec.gov/Archives/edgar/data/2488/000000248821000005/amd-20210111.htm,8-K
2021-01-26,https://www.sec.gov/Archives/edgar/data/2488/000000248821000009/amd-20210126.htm,8-K
2021-02-22,https://www.sec.gov/Archives/edgar/data/2488/000000248821000033/amd-20210216.htm,8-K
2021-03-08,https://www.sec.gov/Archives/edgar/data/2488/000119312521073262/d89766d8k.htm,8-K
2021-04-08,https://www.sec.gov/Archives/edgar/data/2488/000000248821000046/amd-20210407.htm,8-K
2021-04-27,https://www.sec.gov/Archives/edgar/data/2488/000000248821000054/amd-20210427.htm,8-K
2021-05-13,https://www.sec.gov/Archives/edgar/data/2488/000000248821000068/amd-20210513.htm,8-K
2021-05-21,https://www.sec.gov/Archives/edgar/data/2488/000119312521169293/d120619d8k.htm,8-K
2021-06-24,https://www.sec.gov/Archives/edgar/data/2488/000000248821000103/amd-20210621.htm,8-K
2021-06-30,https://www.sec.gov/Archives/edgar/data/2488/000000248821000107/amd-20210629.htm,8-K
2021-07-27,https://www.sec.gov/Archives/edgar/data/2488/000000248821000114/amd-20210727.htm,8-K
2021-10-26,https://www.sec.gov/Archives/edgar/data/2488/000000248821000176/amd-20211026.htm,8-K
2021-12-23,https://www.sec.gov/Archives/edgar/data/2488/000000248821000205/amd-20211223.htm,8-K
2022-01-27,https://www.sec.gov/Archives/edgar/data/2488/000000248822000009/amd-20220127.htm,8-K
2022-02-01,https://www.sec.gov/Archives/edgar/data/2488/000000248822000014/amd-20220201.htm,8-K
2022-02-10,https://www.sec.gov/Archives/edgar/data/2488/000000248822000026/amd-20220209.htm,8-K
2022-02-14,https://www.sec.gov/Archives/edgar/data/2488/000000248822000031/amd-20220214.htm,8-K
2022-02-28,https://www.sec.gov/Archives/edgar/data/2488/000000248822000054/amd-20220222.htm,8-K
2022-05-03,https://www.sec.gov/Archives/edgar/data/2488/000000248822000074/amd-20220429.htm,8-K
2022-05-20,https://www.sec.gov/Archives/edgar/data/2488/000119312522156161/d354894d8k.htm,8-K
2022-06-08,https://www.sec.gov/Archives/edgar/data/2488/000119312522170212/d257623d8k.htm,8-K
2022-06-09,https://www.sec.gov/Archives/edgar/data/2488/000119312522171108/d367525d8k.htm,8-K
2022-06-28,https://www.sec.gov/Archives/edgar/data/2488/000000248822000112/amd-20220623.htm,8-K
2022-08-02,https://www.sec.gov/Archives/edgar/data/2488/000000248822000120/amd-20220802.htm,8-K
2022-10-06,https://www.sec.gov/Archives/edgar/data/2488/000000248822000163/amd-20221006.htm,8-K
2022-11-01,https://www.sec.gov/Archives/edgar/data/2488/000000248822000168/amd-20221101.htm,8-K
2022-11-08,https://www.sec.gov/Archives/edgar/data/2488/000000248822000172/amd-20221103.htm,8-K
2022-11-16,https://www.sec.gov/Archives/edgar/data/2488/000000248822000176/amd-20221116.htm,8-K
2023-01-11,https://www.sec.gov/Archives/edgar/data/2488/000000248823000003/amd-20230108.htm,8-K
2023-01-31,https://www.sec.gov/Archives/edgar/data/2488/000000248823000007/amd-20230131.htm,8-K
2023-02-21,https://www.sec.gov/Archives/edgar/data/2488/000000248823000040/amd-20230214.htm,8-K
2023-05-02,https://www.sec.gov/Archives/edgar/data/2488/000000248823000074/amd-20230502.htm,8-K
2023-05-23,https://www.sec.gov/Archives/edgar/data/2488/000119312523151810/d456357d8k.htm,8-K
2023-07-10,https://www.sec.gov/Archives/edgar/data/2488/000000248823000123/amd-20230705.htm,8-K
2023-08-01,https://www.sec.gov/Archives/edgar/data/2488/000000248823000135/amd-20230801.htm,8-K
2023-10-31,https://www.sec.gov/Archives/edgar/data/2488/000000248823000192/amd-20231031.htm,8-K
2024-01-30,https://www.sec.gov/Archives/edgar/data/2488/000000248824000009/amd-20240130.htm,8-K
2024-02-20,https://www.sec.gov/Archives/edgar/data/2488/000162828024005593/amd-20240213.htm,8-K
2024-04-30,https://www.sec.gov/Archives/edgar/data/2488/000000248824000054/amd-20240430.htm,8-K
2024-05-13,https://www.sec.gov/Archives/edgar/data/2488/000000248824000076/amd-20240508.htm,8-K
2024-07-02,https://www.sec.gov/Archives/edgar/data/2488/000000248824000109/amd-20240627.htm,8-K
2024-07-22,https://www.sec.gov/Archives/edgar/data/2488/000000248824000115/amd-20240720.htm,8-K
2024-07-30,https://www.sec.gov/Archives/edgar/data/2488/000000248824000121/amd-20240730.htm,8-K
2024-08-19,https://www.sec.gov/Archives/edgar/data/2488/000119312524202457/d808469d8k.htm,8-K
2024-10-29,https://www.sec.gov/Archives/edgar/data/2488/000000248824000161/amd-20241029.htm,8-K
2024-11-18,https://www.sec.gov/Archives/edgar/data/2488/000000248824000172/amd-20241113.htm,8-K
2025-02-04,https://www.sec.gov/Archives/edgar/data/2488/000000248825000009/amd-20250204.htm,8-K
2025-02-24,https://www.sec.gov/Archives/edgar/data/2488/000000248825000026/amd-20250218.htm,8-K
2025-03-12,https://www.sec.gov/Archives/edgar/data/2488/000119312525052173/d925853d8k.htm,8-K
2025-03-24,https://www.sec.gov/Archives/edgar/data/2488/000119312525061366/d914634d8k.htm,8-K
2025-03-31,https://www.sec.gov/Archives/edgar/data/2488/000119312525067902/d943962d8k.htm,8-K
2025-04-16,https://www.sec.gov/Archives/edgar/data/2488/000000248825000039/amd-20250415.htm,8-K
2025-05-06,https://www.sec.gov/Archives/edgar/data/2488/000000248825000045/amd-20250506.htm,8-K
2025-05-16,https://www.sec.gov/Archives/edgar/data/2488/000000248825000064/amd-20250514.htm,8-K
2025-05-19,https://www.sec.gov/Archives/edgar/data/2488/000119312525122121/d831221d8k.htm,8-K
2025-07-02,https://www.sec.gov/Archives/edgar/data/2488/000000248825000099/amd-20250627.htm,8-K
2025-08-05,https://www.sec.gov/Archives/edgar/data/2488/000000248825000106/amd-20250805.htm,8-K
2025-08-25,https://www.sec.gov/Archives/edgar/data/2488/000000248825000147/amd-20250822.htm,8-K
2025-10-06,https://www.sec.gov/Archives/edgar/data/2488/000119312525230895/d28189d8k.htm,8-K
2025-10-27,https://www.sec.gov/Archives/edgar/data/2488/000119312525250803/d917887d8k.htm,8-K
2025-11-04,https://www.sec.gov/Archives/edgar/data/2488/000000248825000163/amd-20251104.htm,8-K
2025-12-15,https://www.sec.gov/Archives/edgar/data/2488/000000248825000182/amd-20251212.htm,8-K
2026-01-20,https://www.sec.gov/Archives/edgar/data/2488/000000248826000002/amd-20260116.htm,8-K
2026-02-03,https://www.sec.gov/Archives/edgar/data/2488/000000248826000014/amd-20260203.htm,8-K
2026-02-17,https://www.sec.gov/Archives/edgar/data/2488/000000248826000029/amd-20260210.htm,8-K
2026-02-24,https://www.sec.gov/Archives/edgar/data/2488/000000248826000045/amd-20260223.htm,8-K
2026-05-05,https://www.sec.gov/Archives/edgar/data/2488/000000248826000072/amd-20260505.htm,8-K
2026-05-15,https://www.sec.gov/Archives/edgar/data/2488/000119312526226746/d118163d8k.htm,8-K
2026-07-01,https://www.sec.gov/Archives/edgar/data/2488/000000248826000115/amd-20260626.htm,8-K
2026-08-04,https://www.sec.gov/Archives/edgar/data/2488/000000248826000121/amd-20260804.htm,8-K
2026-08-17,https://www.sec.gov/Archives/edgar/data/2488/000119312526354029/d142696d8k.htm,8-K
2026-08-19,https://www.sec.gov/Archives/edgar/data/2488/000000248826000163/amd-20260817.htm,8-K
