ticker,date,sec_accession_number,source_url
NVDA,2018-08-16,0001045810-18-000113,https://www.sec.gov/Archives/edgar/data/1045810/000104581018000113/form8-kq2fy19.htm
NVDA,2018-11-15,0001045810-18-000148,https://www.sec.gov/Archives/edgar/data/1045810/000104581018000148/form8-kq3fy19.htm
NVDA,2019-02-14,0001045810-19-000007,https://www.sec.gov/Archives/edgar/data/1045810/000104581019000007/form8-kq4fy19.htm
NVDA,2019-05-16,0001045810-19-000077,https://www.sec.gov/Archives/edgar/data/1045810/000104581019000077/form8-kq1fy20.htm
NVDA,2019-08-15,0001045810-19-000140,https://www.sec.gov/Archives/edgar/data/1045810/000104581019000140/form8-kq2fy20.htm
NVDA,2019-11-14,0001045810-19-000168,https://www.sec.gov/Archives/edgar/data/1045810/000104581019000168/form8-kq3fy20.htm
NVDA,2020-02-13,0001045810-20-000007,https://www.sec.gov/Archives/edgar/data/1045810/000104581020000007/form8-kq4fy20.htm
NVDA,2020-05-21,0001045810-20-000063,https://www.sec.gov/Archives/edgar/data/1045810/000104581020000063/nvda-20200521.htm
NVDA,2020-08-19,0001045810-20-000145,https://www.sec.gov/Archives/edgar/data/1045810/000104581020000145/nvda-20200819.htm
NVDA,2020-11-18,0001045810-20-000187,https://www.sec.gov/Archives/edgar/data/1045810/000104581020000187/nvda-20201118.htm
NVDA,2021-02-24,0001045810-21-000007,https://www.sec.gov/Archives/edgar/data/1045810/000104581021000007/nvda-20210224.htm
NVDA,2021-05-26,0001045810-21-000063,https://www.sec.gov/Archives/edgar/data/1045810/000104581021000063/nvda-20210526.htm
NVDA,2021-08-18,0001045810-21-000128,https://www.sec.gov/Archives/edgar/data/1045810/000104581021000128/nvda-20210818.htm
NVDA,2021-11-17,0001045810-21-000160,https://www.sec.gov/Archives/edgar/data/1045810/000104581021000160/nvda-20211117.htm
NVDA,2022-02-16,0001045810-22-000008,https://www.sec.gov/Archives/edgar/data/1045810/000104581022000008/nvda-20220216.htm
NVDA,2022-05-25,0001045810-22-000073,https://www.sec.gov/Archives/edgar/data/1045810/000104581022000073/nvda-20220525.htm
NVDA,2022-08-24,0001045810-22-000136,https://www.sec.gov/Archives/edgar/data/1045810/000104581022000136/nvda-20220824.htm
NVDA,2022-11-16,0001045810-22-000163,https://www.sec.gov/Archives/edgar/data/1045810/000104581022000163/nvda-20221116.htm
NVDA,2023-02-22,0001045810-23-000014,https://www.sec.gov/Archives/edgar/data/1045810/000104581023000014/nvda-20230222.htm
NVDA,2023-05-24,0001045810-23-000087,https://www.sec.gov/Archives/edgar/data/1045810/000104581023000087/nvda-20230524.htm
NVDA,2023-08-23,0001045810-23-000171,https://www.sec.gov/Archives/edgar/data/1045810/000104581023000171/nvda-20230823.htm
NVDA,2023-11-21,0001045810-23-000225,https://www.sec.gov/Archives/edgar/data/1045810/000104581023000225/nvda-20231121.htm
NVDA,2024-02-21,0001045810-24-000028,https://www.sec.gov/Archives/edgar/data/1045810/000104581024000028/nvda-20240221.htm
NVDA,2024-05-22,0001045810-24-000113,https://www.sec.gov/Archives/edgar/data/1045810/000104581024000113/nvda-20240522.htm
NVDA,2024-08-28,0001045810-24-000262,https://www.sec.gov/Archives/edgar/data/1045810/000104581024000262/nvda-20240828.htm
NVDA,2024-11-20,0001045810-24-000315,https://www.sec.gov/Archives/edgar/data/1045810/000104581024000315/nvda-20241120.htm
NVDA,2025-02-26,0001045810-25-000021,https://www.sec.gov/Archives/edgar/data/1045810/000104581025000021/nvda-20250226.htm
NVDA,2025-05-28,0001045810-25-000115,https://www.sec.gov/Archives/edgar/data/1045810/000104581025000115/nvda-20250528.htm
NVDA,2025-08-27,0001045810-25-000207,https://www.sec.gov/Archives/edgar/data/1045810/000104581025000207/nvda-20250827.htm
NVDA,2025-11-19,0001045810-25-000228,https://www.sec.gov/Archives/edgar/data/1045810/000104581025000228/nvda-20251119.htm
NVDA,2026-02-25,0001045810-26-000019,https://www.sec.gov/Archives/edgar/data/1045810/000104581026000019/nvda-20260225.htm
NVDA,2026-05-20,0001045810-26-000051,https://www.sec.gov/Archives/edgar/data/1045810/000104581026000051/nvda-20260520.htm
AMD,2018-01-30,0000002488-18-000014,https://www.sec.gov/Archives/edgar/data/2488/000000248818000014/a20180130q417earnings8-k.htm
AMD,2018-04-25,0000002488-18-000058,https://www.sec.gov/Archives/edgar/data/2488/000000248818000058/a20180425q118earnings8-k.htm
AMD,2018-07-25,0000002488-18-000124,https://www.sec.gov/Archives/edgar/data/2488/000000248818000124/a20180725q218earnings8-k.htm
AMD,2018-10-24,0000002488-18-000186,https://www.sec.gov/Archives/edgar/data/2488/000000248818000186/a20181024q318earnings8-k.htm
AMD,2019-01-29,0000002488-19-000004,https://www.sec.gov/Archives/edgar/data/2488/000000248819000004/a20190129q418earnings8-k.htm
AMD,2019-04-30,0000002488-19-000043,https://www.sec.gov/Archives/edgar/data/2488/000000248819000043/a20190430q119earnings8-k.htm
AMD,2019-07-30,0000002488-19-000102,https://www.sec.gov/Archives/edgar/data/2488/000000248819000102/a20190730q219earnings8-k.htm
AMD,2019-10-29,0000002488-19-000157,https://www.sec.gov/Archives/edgar/data/2488/000000248819000157/a20191029q319earnings8.htm
AMD,2020-01-28,0000002488-20-000006,https://www.sec.gov/Archives/edgar/data/2488/000000248820000006/a20200128q419earnings8.htm
AMD,2020-04-28,0000002488-20-000048,https://www.sec.gov/Archives/edgar/data/2488/000000248820000048/a2020q1earnings8-k.htm
AMD,2020-07-28,0000002488-20-000101,https://www.sec.gov/Archives/edgar/data/2488/000000248820000101/amd-20200728.htm
AMD,2020-10-27,0000002488-20-000161,https://www.sec.gov/Archives/edgar/data/2488/000000248820000161/amd-20201027.htm
AMD,2021-01-26,0000002488-21-000009,https://www.sec.gov/Archives/edgar/data/2488/000000248821000009/amd-20210126.htm
AMD,2021-04-27,0000002488-21-000054,https://www.sec.gov/Archives/edgar/data/2488/000000248821000054/amd-20210427.htm
AMD,2021-07-27,0000002488-21-000114,https://www.sec.gov/Archives/edgar/data/2488/000000248821000114/amd-20210727.htm
AMD,2021-10-26,0000002488-21-000176,https://www.sec.gov/Archives/edgar/data/2488/000000248821000176/amd-20211026.htm
AMD,2022-02-01,0000002488-22-000014,https://www.sec.gov/Archives/edgar/data/2488/000000248822000014/amd-20220201.htm
AMD,2022-05-03,0000002488-22-000074,https://www.sec.gov/Archives/edgar/data/2488/000000248822000074/amd-20220429.htm
AMD,2022-08-02,0000002488-22-000120,https://www.sec.gov/Archives/edgar/data/2488/000000248822000120/amd-20220802.htm
AMD,2022-11-01,0000002488-22-000168,https://www.sec.gov/Archives/edgar/data/2488/000000248822000168/amd-20221101.htm
AMD,2023-01-31,0000002488-23-000007,https://www.sec.gov/Archives/edgar/data/2488/000000248823000007/amd-20230131.htm
AMD,2023-05-02,0000002488-23-000074,https://www.sec.gov/Archives/edgar/data/2488/000000248823000074/amd-20230502.htm
AMD,2023-08-01,0000002488-23-000135,https://www.sec.gov/Archives/edgar/data/2488/000000248823000135/amd-20230801.htm
AMD,2023-10-31,0000002488-23-000192,https://www.sec.gov/Archives/edgar/data/2488/000000248823000192/amd-20231031.htm
AMD,2024-01-30,0000002488-24-000009,https://www.sec.gov/Archives/edgar/data/2488/000000248824000009/amd-20240130.htm
AMD,2024-04-30,0000002488-24-000054,https://www.sec.gov/Archives/edgar/data/2488/000000248824000054/amd-20240430.htm
AMD,2024-07-30,0000002488-24-000121,https://www.sec.gov/Archives/edgar/data/2488/000000248824000121/amd-20240730.htm
AMD,2024-10-29,0000002488-24-000161,https://www.sec.gov/Archives/edgar/data/2488/000000248824000161/amd-20241029.htm
AMD,2025-02-04,0000002488-25-000009,https://www.sec.gov/Archives/edgar/data/2488/000000248825000009/amd-20250204.htm
AMD,2025-05-06,0000002488-25-000045,https://www.sec.gov/Archives/edgar/data/2488/000000248825000045/amd-20250506.htm
AMD,2025-08-05,0000002488-25-000106,https://www.sec.gov/Archives/edgar/data/2488/000000248825000106/amd-20250805.htm
AMD,2025-11-04,0000002488-25-000163,https://www.sec.gov/Archives/edgar/data/2488/000000248825000163/amd-20251104.htm
AMD,2026-02-03,0000002488-26-000014,https://www.sec.gov/Archives/edgar/data/2488/000000248826000014/amd-20260203.htm
AMD,2026-05-05,0000002488-26-000072,https://www.sec.gov/Archives/edgar/data/2488/000000248826000072/amd-20260505.htm
AMD,2026-08-04,0000002488-26-000121,https://www.sec.gov/Archives/edgar/data/2488/000000248826000121/amd-20260804.htm
TSLA,2018-02-07,0001564590-18-001521,https://www.sec.gov/Archives/edgar/data/1318605/000156459018001521/tsla-8k_20180207.htm
TSLA,2018-05-02,0001564590-18-010306,https://www.sec.gov/Archives/edgar/data/1318605/000156459018010306/tsla-8k_20180502.htm
TSLA,2018-08-01,0001564590-18-018490,https://www.sec.gov/Archives/edgar/data/1318605/000156459018018490/tsla-8k_20180801.htm
TSLA,2018-10-24,0001564590-18-024902,https://www.sec.gov/Archives/edgar/data/1318605/000156459018024902/tsla-8k_20181024.htm
TSLA,2019-01-30,0001564590-19-001399,https://www.sec.gov/Archives/edgar/data/1318605/000156459019001399/tsla-8k_20190130.htm
TSLA,2019-04-24,0001564590-19-012758,https://www.sec.gov/Archives/edgar/data/1318605/000156459019012758/tsla-8k_20190424.htm
TSLA,2019-07-24,0001564590-19-025855,https://www.sec.gov/Archives/edgar/data/1318605/000156459019025855/tsla-8k_20190724.htm
TSLA,2019-10-23,0001564590-19-037581,https://www.sec.gov/Archives/edgar/data/1318605/000156459019037581/tsla-8k_20191023.htm
TSLA,2020-01-29,0001564590-20-002489,https://www.sec.gov/Archives/edgar/data/1318605/000156459020002489/tsla-8k_20200129.htm
TSLA,2020-04-29,0001564590-20-019776,https://www.sec.gov/Archives/edgar/data/1318605/000156459020019776/tsla-8k_20200429.htm
TSLA,2020-07-22,0001564590-20-033069,https://www.sec.gov/Archives/edgar/data/1318605/000156459020033069/tsla-8k_20200722.htm
TSLA,2020-10-21,0001564590-20-047108,https://www.sec.gov/Archives/edgar/data/1318605/000156459020047108/tsla-8k_20201021.htm
TSLA,2021-01-27,0001564590-21-002645,https://www.sec.gov/Archives/edgar/data/1318605/000156459021002645/tsla-8k_20210127.htm
TSLA,2021-04-26,0001564590-21-020558,https://www.sec.gov/Archives/edgar/data/1318605/000156459021020558/tsla-8k_20210426.htm
TSLA,2021-07-26,0001564590-21-037953,https://www.sec.gov/Archives/edgar/data/1318605/000156459021037953/tsla-8k_20210726.htm
TSLA,2021-10-20,0001564590-21-051307,https://www.sec.gov/Archives/edgar/data/1318605/000156459021051307/tsla-8k_20211020.htm
TSLA,2022-01-26,0001564590-22-002476,https://www.sec.gov/Archives/edgar/data/1318605/000156459022002476/tsla-8k_20220126.htm
TSLA,2022-04-20,0001564590-22-014917,https://www.sec.gov/Archives/edgar/data/1318605/000156459022014917/tsla-8k_20220420.htm
TSLA,2022-07-20,0001564590-22-026048,https://www.sec.gov/Archives/edgar/data/1318605/000156459022026048/tsla-8k_20220720.htm
TSLA,2022-10-19,0001564590-22-034639,https://www.sec.gov/Archives/edgar/data/1318605/000156459022034639/tsla-8k_20221019.htm
TSLA,2023-01-25,0001564590-23-000799,https://www.sec.gov/Archives/edgar/data/1318605/000156459023000799/tsla-8k_20230120.htm
TSLA,2023-04-19,0001564590-23-005959,https://www.sec.gov/Archives/edgar/data/1318605/000156459023005959/tsla-8k_20230419.htm
TSLA,2023-07-19,0000950170-23-033544,https://www.sec.gov/Archives/edgar/data/1318605/000095017023033544/tsla-20230719.htm
TSLA,2023-10-18,0001628280-23-034588,https://www.sec.gov/Archives/edgar/data/1318605/000162828023034588/tsla-20231018.htm
TSLA,2024-01-24,0000950170-24-007073,https://www.sec.gov/Archives/edgar/data/1318605/000095017024007073/tsla-20240124.htm
TSLA,2024-04-23,0000950170-24-046895,https://www.sec.gov/Archives/edgar/data/1318605/000095017024046895/tsla-20240423.htm
TSLA,2024-07-23,0001628280-24-032603,https://www.sec.gov/Archives/edgar/data/1318605/000162828024032603/tsla-20240723.htm
TSLA,2024-10-23,0001628280-24-043432,https://www.sec.gov/Archives/edgar/data/1318605/000162828024043432/tsla-20241023.htm
TSLA,2025-01-29,0001628280-25-002993,https://www.sec.gov/Archives/edgar/data/1318605/000162828025002993/tsla-20250129.htm
TSLA,2025-04-22,0001628280-25-018851,https://www.sec.gov/Archives/edgar/data/1318605/000162828025018851/tsla-20250422.htm
TSLA,2025-07-23,0001628280-25-035738,https://www.sec.gov/Archives/edgar/data/1318605/000162828025035738/tsla-20250723.htm
TSLA,2025-10-22,0001628280-25-045861,https://www.sec.gov/Archives/edgar/data/1318605/000162828025045861/tsla-20251022.htm
TSLA,2026-01-28,0001628280-26-003837,https://www.sec.gov/Archives/edgar/data/1318605/000162828026003837/tsla-20260128.htm
TSLA,2026-04-22,0001628280-26-026551,https://www.sec.gov/Archives/edgar/data/1318605/000162828026026551/tsla-20260422.htm
TSLA,2026-07-22,0001628280-26-049213,https://www.sec.gov/Archives/edgar/data/1318605/000162828026049213/tsla-20260722.htm
